frame,license_number
0,=
0,APDS =n
1,
1,APS =D
2,ea
2,APOS 5D
3,‘osu
3,(APDS JED
4,sm
4,OS Jee
5,am
5,APOS J50
6,POS JEQ)
6,
7,APOS JO.
7,msm
8,APOS JEO
8,‘sz
9,
9,APOS JEO
10,APOS JED
10,asm
11,APOS JE0
11,asm
12,APOS JED
12,saa
13,APOS JED
13,Woszm
14,APOS JEO
14,osm
15,APOS JEO
15,Wosam
16,‘APOS JEO
16,
17,APOS JEO
17,West
18,APOS JEO
18,Ws
19,APOS JEO
19,‘Wosam
20,(APOS JED)
20,
21,‘WRoszax
21,_APOS JED
22,stm
22,APOS JED
23,"os zm
23,apos 6)
24,aszm
24,apne wn
25,waszm
26,aK
27,ios zak
28,‘Waszm
29,Wasa
30,ism
31,eoszax
32,‘nos Zax
33,‘osm
34,nos zak
35,‘woszax
36,{eoszax
37,‘nos zak
38,HOS Zak
39,
40,‘oszm
41,keosax
42,KHOS 27K
43,os zx
44,ost
45,
46,Woszm
47,‘HOS 27K
47,hmm
48,(asa
48,oe
49,Wom
49,Torre
50,(ioszaK
50,Giro
51,jnosz7m
51,Garo
52,@uneve
52,Were
53,funeoe
53,Wore
54,==
54,
55,
56,‘Worra
57,hr
58,ro
59,ne
60,Ring
61,
62,
63,rr
64,Tarn
65,Tua
66,‘Wer
67,Wor
68,Wr
69,
70,
71,
71,ly)
72,"WroaFRo
72,1
73,"WeoaFe
73,val
74,"WozFeo
74,Va)
75,(Wore
76,‘Wore
76,ia
77,"Wooo
77,a
78,"WhoaFRo"
78,val
79,‘Wioorno
79,1
80,‘Whore
80,Wy)
80,TEvernec.
81,‘Those
81,Ty)
82,‘Waren
82,x
82,EVeINEC
83,
83,EY6i Nac
83,sy
84,[Waozeeo"
84,Prenat
84,“
85,(Waosero!
85,Mia
85,Fou
86,"Wnos Px!
86,kk
87,"lmao rx!
87,Mia
87,‘Frei ner
88,wie
88,‘Won. cen!
88,TEveI NaC
89,Wis
89,Snr
89,TEvei nec
90,‘Evernec
90,Thy
91,HY
91,‘Tremnee
92,HY |
92,‘Trenee
93,_EYEINEG
93,a
94,‘Evernac
94,Thy 1
95,TEvernec
95,ial
96,34504
96,Thy
97,‘Everkac
97,£
98,7A
98,Treinee
99,‘Trernec
99,ud;
100,EYE) NEG |
100,Ella
101,"la 2ny
101,TEYeI Nec
102,aa Gre
102,TEYernec.
103,a
103,Evel Nec
104,
104,EY6I NBG
105,“Evel Nac
106,‘Tver NBC
107,“Ever NBC
108,TEveinec
109,Fevernec.
110,FEvernec.
110,a
111,TEYeInec
112,TEveinsc.
113,‘Evel nec
114,EYE! NBG
115,Eye) Nac
116,‘Eyer NBG
117,"Eve: NBC
118,TEY6) NBG |
119,TEYEI NBG |
120,TEyei nec
121,TEYeI NBG)
122,TEYeINEG |
123,TEYEINEG
124,TEYEINEG
125,EYSI NEG
126,TEYeInec |
127,fevernec
128,TEvernec.
129,TEvernec
130,TEYeINeG
131,TEY6I NEG
132,TEYEI NBG
133,TEVeI NBG
134,TEVei NBG
135,TEvernec.
136,Feveinec
137,Fever nec
138,TEYeinec.
139,“EY6I NBG:
140,“EYEINEG
141,EY6I NEG
142,TEYEI NBG]
142,=
143,FEVGINeS |
144,TEveinec]
145,TEvernec
145,-
146,EYGINES
146,=
147,TEYeINeG
147,=
148,TEYEINGG
149,TEYei nec]
150,TEYei nec!
151,TEyYeinec
152,TEYei Nec
153,Eyel NBG
154,Evel NBG
154,=
155,"EYeI NEG
155,=
156,TEvernec
157,FEYei nec)
157,We
158,FEveinec
159,Evel NBG
160,"EYei nee)
161,‘Frelnne |
162,Tour
165,
166,
167,=
168,-_
170,Hua.
171,na’
171,=
172,uMa
173,Mia
174,HN
175,ry)
176,usa
177,rire
177,a
178,THNIG
178,ma
179,my
179,ca
180,rm
181,AN
181,wa
182,rvry
182,wa
183,ry
184,Mia”
185,rmry
186,TTY
187,“HNIa
187,‘ives aye
188,wie
188,lives uy
189,HMI
189,iv66 ny
190,HNI4
190,Tvba HVE
191,Nid
191,ivha uve
192,HNI4 |
192,
193,HNI4 |
193,AVDB HVE
194,HNI4 |
194,‘AVO8 HVF
195,HNIG
195,Avba Ave
196,AVD8 HVF
196,HNI4¢
196,=
197,fave HVF’
197,HNIa
197,a
198,
198,‘ania t
198,—
199,AVbe HVF
199,NIA ©
200,HNI4 C
200,‘AVpa HVF
201,HNI4 C
201,FAV HVE
202,‘HNI4 (
202,Tavbe HvF
202,rena
203,‘HNI4 (
203,TAVD6 HVE
203,cra
204,‘HNI4 Cc
204,AVDB HVF
204,aan
205,‘HNIC
205,
205,coral
206,NaC
206,
206,ours
207,HN Cl
207,[AV08 AVF
207,fasere)
208,mm
208,[ivpe HvF
208,ciety
209,[ive AVF’
209,Wasercy
209,ror
210,livpe AVF
210,[ase xcl
211,AVOe HVE
211,Nasanco
212,TAVO8 HVE
212,(asa mcd
213,
213,asennad
214,ey
214,Guna ue
215,Mise
216,ase xc
217,Masenc
218,Wasancl
219,Masencl
220,"asa ncd
220,ace
221,"NASa ROD
221,cmeaara
222,[rasenes
222,cerara
223,jasancl
223,fReecues
224,issn)
224,fécesusJ
225,'ScesusJ)
225,Wisancl
225,»
226,Bcesusa)
226,"Nasencd
227,Tcesus.
227,[laste
228,Bcesust
228,fiasexcs
229,Beesuss
229,iniarray
230,Bces us.
230,"Usenc)
231,"Bces us)
231,eal
231,Oel
232,fices us]
232,Masaxcy
232,Te |
233,'Bces usa]
233,Masencl
234,[ices usa)
234,asenc)
235,‘hces usa)
235,royal
235,
236,fSces usa!
236,oral
236,=
236,pay]
237,"Bces usJ)
237,“Vasant
237,pn
238,ea)
238,"BCES USS
238,Day
239,‘Bes usd
239,Wasa kc.
239,omy
240,'Bces us)
240,Wiser
240,oN.
241,faces us)
241,Wasa kcs
241,oy
242,faces us.)
242,Wasancl
242,Del
243,Tices usJ]
243,Wasenc
243,“Dey |
244,rriariat
244,ficssusJl
244,a)
245,Wasancl
245,faces us)
245,[ony
246,GES US
246,Wasakcl
246,omy)
247,‘ase Kc
247,‘Boss us)
247,LOMy
247,=
248,stn
248,'BcesusJ
248,to
249,Wasenc
249,faces UsJ]
249,‘Tu
250,asene)
250,feces usJ)
250,Dy.
251,‘‘asexcl
251,fices uss]
251,aon)
252,feces us)
252,"WasexcJ]
252,ia ony]
253,(hase xcs
253,faces uss
253,ia Ony)
254,BCs Usd
254,(Masexca
254,[omy
255,‘“Wisexc
255,"BcesusJ
255,74 Ony
256,facesusJ
256,fRasaxco)
256,4 omy
257,BGES US)
257,astnay
257,+4 DMY
258,Wasexco
258,“4 DM
258,fecesus
259,ioral
259,OMe
259,feces us|
260,oral
260,ficesusJ)
260,a OMY
261,ces USJ
261,Sasaxc)
261,OMY
262,BGES US)
262,risa}
262,4 DMy
263,BCeS USI
263,Wasexe)
263,4 OMY
264,fBcesusJ
264,Wass kca
264,64 DMy
265,(Was4xcal
265,feces uss)
265,4 Onv]
266,(Wasa cl)
266,ficesusJ)
266,AEA OnY
267,faces us|
267,(Wasexcal
267,‘sony
268,BCES USJ
268,fWasanco
268,454 OMv
269,faces usa
269,(Masaxcs
269,"454 OMY |
270,Vusanel
270,fBcesuss
270,454 DM
270,
271,‘Wasencl
271,BGeS USJ)
271,454 OMY
272,Wusancy
272,BCeS US]
272,54 OMY
272,s
273,Wasa Kel
273,feces usJl
273,is4Dmy
273,s
274,TecesusJ)
274,jusencs
274,164 omy
275,Tecesus]
275,‘Wisexc)
275,x54 Dmy
276,fReeeueT
276,asa xcs)
276,54 DM
277,pear
277,‘Masaxcs
277,MG4 omy
277,=
278,
278,‘Wasexcs)
278,(x64 DMy
279,"Nasenca
279,1X64 DMY |
279,(Sse
280,juste)
280,1X64 DMV.
281,‘Wasexcl
281,1KE4 OMY
282,Wasaxu
282,iKE4 OMY
283,normal
283,VKE4 ONY
284,Wasekc:
284,WKG4 ONY
285,Tacane)
285,)K54 OMy.
286,0K54 ONY
286,Wasexc)
287,WAS4 KCI]
287,
288,[hase xcl]
288,
289,Wasa ko)
289,aK4 ony
290,Wasakel
290,—
291,WAS4 KGJ
291,qkG4 OMY
292,Masaka)
292,X64 Dey |
293,arial
293,1.64 ONY
294,"asa Ke)
294,KG4 OMY
295,[Wasencl
295,1K64 Dy
295,s
296,[hasexcs)
296,4K64 OMY
296,s
297,[hasexcs)
297,Ke OMY
297,
298,ffaeencs
298,154 OMY
298,=
299,(Mase xco
299,AKE4 MY
300,WASa KG)
300,saw
301,Wisakcl
301,X64 OMY
302,Tasso)
302,AK64 OMY
303,royal
303,1K64 OMY
304,1K64 OMY
304,"Nass kc)
305,K54 OMY
305,[Masexca
306,X54 OMY
306,Wass kGl
307,Mass KCl
307,1K64 OMY
307,=
308,Wasskc)
308,aKE4 OMY.
308,=
309,Wass koa
309,AKG4 OMY]
310,Wasakc)
310,AKE4 Duy
311,MAS4 KG)
311,AKG4 OMY
312,WAS4 KG
312,AK64 DKY.
313,Was4 GD
313,TAKG4 OMY
314,Wass KGD
314,“AKG4 OMY
315,"Was Kc)
315,AK64 DMV.
316,Was kel
316,“AK54 OMY
316,»
317,“AK54 DNY
317,Wasé kc)
318,raKe4 OMY.
318,Wicane)
319,Cony
319,Gaeaur
320,TAKS4 OMY”
320,wean
320,=
321,TAKE4 OMY
321,=
321,=
322,“aKe4 OMY
322,
323,TAKE4 Duy
323,=
324,TAKE4 Duy]
325,"AK64 DY
326,“AKE4 DMV
327,"aKE4 DMY
327,
328,“AKE4 DMV
328,es
329,“AKE4 DMV
330,_AKE4 DMV
331,“aK64 DMV
332,vaKG4 DMY.
333,vAKG4 DMV
334,TAKG4 OMY
334,7
335,[aKe4 ONY
335,
336,[AKe4 OMY
336,=
337,TAKE4 DMV
337,i
337,=
338,[aKS4 DMV.
339,[aK54 OMY.
340,[axé4 Dw
341,Canny
342,TAKE4 OMY
342,
343,“AK64 DMV.
344,“AK54 OMY
345,“OKE4 DMV
345,
346,“aKE4 DMV
347,[axe« Dwy |
347,oe
348,[aK64 DMV)
348,es
349,[aKe4 Dmv]
349,
350,FaKe4 DMV]
350,
351,TaKG4 DMV |
352,“AKE4 DMV
352,es
353,“AKE4 DMV
353,=
354,“0K64 DMV
354,=
355,AKG4 DMV
355,lemon
355,=
356,[AKE4 DMV]
356,| a raal
357,[aKe4 Dev |
357,(front
358,[aKe4 OMy |
358,[from
359,atvad
359,TAKE4 OMY]
360,‘roar
360,PAKE4 OMY |
361,roner
361,[AK54 omy |